Algorithm, Speed (MB/s)
gf-complete-32, 20.845508
gf-complete-64, 29.499117
gf-ff-32, 34.855461
gf-ff-64, 17.682573
gf-nishida-16, 1369.197025
gf-nishida-8, 1667.438508
gf-nishida-16-1, 1347.871035
gf-nishida-16-2, 3754.728244
gf-nishida-16-3, 3625.820944
gf-nishida-16-4, 8560.241024
gf-plank-16, 357.806831
gf-plank-32, 6.251062
gf-plank-8, 301.563785
gf-plank-logtable-16, 586.556156
gf-sensor608-8, 935.440877
